{
    "$schema": "https://schema.management.azure.com/schemas/2015-01-01/deploymentParameters.json#",
    "contentVersion": "1.0.0.0",
    "parameters": {
        "virtualMachines_vm_win_01_name": {
            "value": null
        },
        "virtualMachines_vm_linux_01_name": {
            "value": null
        },
        "networkInterfaces_vm_win_0132_name": {
            "value": null
        },
        "publicIPAddresses_vm_win_01_ip_name": {
            "value": null
        },
        "networkInterfaces_vm_linux_01336_name": {
            "value": null
        },
        "publicIPAddresses_vm_linux_01_ip_name": {
            "value": null
        },
        "networkSecurityGroups_vm_win_01_nsg_name": {
            "value": null
        },
        "networkSecurityGroups_vm_linux_01_nsg_name": {
            "value": null
        },
        "storageAccounts_azurecloudshelldemodiag_name": {
            "value": null
        },
        "virtualNetworks_azure_cloudshell_demo_vnet_name": {
            "value": null
        },
        "securityRules_SSH_name": {
            "value": null
        },
        "securityRules_HTTP_name": {
            "value": null
        },
        "subnets_default_name": {
            "value": null
        },
        "securityRules_allow_winrm_https_name": {
            "value": null
        },
        "virtualMachines_vm_linux_01_id": {
            "value": null
        },
        "virtualMachines_vm_win_01_id": {
            "value": null
        },
        "networkInterfaces_vm_linux_01336_id": {
            "value": null
        }
    }
}